{"cameraMode":{"drawMode":0,"name":"Shaded","section":"Shading Mode"},"sceneLighting":true,"audioPlay":false,"sceneViewState":{"showFog":true,"showMaterialUpdate":false,"showSkybox":true,"showFlares":true,"showImageEffects":true,"showParticleSystems":true},"in2DMode":false,"pivot":{"x":-3.0205078125,"y":3.88916015625,"z":-19.52734375},"rotation":{"x":0.0586995966732502,"y":0.05119805037975311,"z":-0.0030150313396006824,"w":0.9969574213027954},"size":25.026269912719728,"orthographic":true}