{"cameraMode":{"drawMode":0,"name":"Shaded","section":"Shading Mode"},"sceneLighting":false,"audioPlay":false,"sceneViewState":{"showFog":true,"showMaterialUpdate":false,"showSkybox":true,"showFlares":true,"showImageEffects":true,"showParticleSystems":true},"in2DMode":false,"pivot":{"x":-12.001792907714844,"y":19.03972625732422,"z":-33.39598846435547},"rotation":{"x":0.18482257425785066,"y":-0.22026903927326203,"z":0.04254045709967613,"w":0.9568241834640503},"size":1.178335428237915,"orthographic":true}