{"cameraMode":{"drawMode":0,"name":"Shaded","section":"Shading Mode"},"sceneLighting":true,"audioPlay":false,"sceneViewState":{"showFog":true,"showMaterialUpdate":false,"showSkybox":true,"showFlares":true,"showImageEffects":true,"showParticleSystems":true},"in2DMode":false,"pivot":{"x":-109.41000366210938,"y":7.539999961853027,"z":-104.29999542236328},"rotation":{"x":0.03787822276353836,"y":-0.9601584076881409,"z":0.22462213039398194,"w":0.16188299655914308},"size":121.91059875488281,"orthographic":true}