{"cameraMode":{"drawMode":0,"name":"Shaded","section":"Shading Mode"},"sceneLighting":true,"audioPlay":false,"sceneViewState":{"showFog":true,"showMaterialUpdate":false,"showSkybox":true,"showFlares":true,"showImageEffects":true,"showParticleSystems":true},"in2DMode":false,"pivot":{"x":15.3642578125,"y":2.8408203125,"z":-13.89111328125},"rotation":{"x":0.039936985820531848,"y":0.9218944907188416,"z":-0.09884469211101532,"w":0.37248528003692629},"size":4.0963945388793949,"orthographic":true}