{"cameraMode":{"drawMode":0,"name":"Shaded","section":"Shading Mode"},"sceneLighting":false,"audioPlay":false,"sceneViewState":{"showFog":true,"showMaterialUpdate":false,"showSkybox":true,"showFlares":true,"showImageEffects":true,"showParticleSystems":true},"in2DMode":false,"pivot":{"x":-0.21404416859149934,"y":-0.22093158960342408,"z":0.4314344823360443},"rotation":{"x":0.0583546906709671,"y":0.8866838812828064,"z":-0.11665724962949753,"w":0.4435960352420807},"size":16.189006805419923,"orthographic":true}