{"cameraMode":{"drawMode":0,"name":"Shaded","section":"Shading Mode"},"sceneLighting":true,"audioPlay":false,"sceneViewState":{"showFog":true,"showMaterialUpdate":false,"showSkybox":true,"showFlares":true,"showImageEffects":true,"showParticleSystems":true},"in2DMode":false,"pivot":{"x":16.961181640625,"y":21.339111328125,"z":-106.9404296875},"rotation":{"x":0.09428399801254273,"y":-0.08979257196187973,"z":0.008534511551260949,"w":0.9914509654045105},"size":6.190112590789795,"orthographic":true}