{"cameraMode":{"drawMode":0,"name":"Shaded","section":"Shading Mode"},"sceneLighting":false,"audioPlay":false,"sceneViewState":{"showFog":true,"showMaterialUpdate":false,"showSkybox":true,"showFlares":true,"showImageEffects":true,"showParticleSystems":true},"in2DMode":false,"pivot":{"x":23.538991928100587,"y":0.9435274004936218,"z":-23.154489517211915},"rotation":{"x":0.2251519113779068,"y":-0.5043433904647827,"z":0.13811641931533814,"w":0.8221120238304138},"size":6.781754493713379,"orthographic":true}