{"cameraMode":{"drawMode":0,"name":"Shaded","section":"Shading Mode"},"sceneLighting":true,"audioPlay":false,"sceneViewState":{"showFog":true,"showMaterialUpdate":false,"showSkybox":true,"showFlares":true,"showImageEffects":true,"showParticleSystems":true},"in2DMode":false,"pivot":{"x":-32.00522232055664,"y":-5.654780387878418,"z":-6.628337860107422},"rotation":{"x":0.14232222735881806,"y":-0.30744248628616335,"z":0.04656275734305382,"w":0.9397103190422058},"size":32.86579895019531,"orthographic":false}