{"cameraMode":{"drawMode":0,"name":"Shaded","section":"Shading Mode"},"sceneLighting":true,"audioPlay":false,"sceneViewState":{"showFog":true,"showMaterialUpdate":false,"showSkybox":true,"showFlares":true,"showImageEffects":true,"showParticleSystems":true},"in2DMode":false,"pivot":{"x":15.408447265625,"y":1.89447021484375,"z":-18.6937255859375},"rotation":{"x":0.021436985582113267,"y":0.8711808919906616,"z":-0.03819187358021736,"w":0.48900488018989565},"size":5.967215538024902,"orthographic":true}