{"cameraMode":{"drawMode":0,"name":"Shaded","section":"Shading Mode"},"sceneLighting":true,"audioPlay":false,"sceneViewState":{"showFog":true,"showMaterialUpdate":false,"showSkybox":true,"showFlares":true,"showImageEffects":true,"showParticleSystems":true},"in2DMode":false,"pivot":{"x":2.33642578125,"y":0.6279296875,"z":-20.4921875},"rotation":{"x":0.05724790692329407,"y":0.03324776515364647,"z":-0.001907707890495658,"w":0.9978044033050537},"size":43.314205169677737,"orthographic":true}