{"cameraMode":{"drawMode":0,"name":"Shaded","section":"Shading Mode"},"sceneLighting":true,"audioPlay":false,"sceneViewState":{"showFog":true,"showMaterialUpdate":false,"showSkybox":true,"showFlares":true,"showImageEffects":true,"showParticleSystems":true},"in2DMode":false,"pivot":{"x":-21.923583984375,"y":1.841552734375,"z":-27.5009765625},"rotation":{"x":0.0586995966732502,"y":0.05119805037975311,"z":-0.0030150313396006824,"w":0.9969574213027954},"size":5.666906356811523,"orthographic":true}