{"cameraMode":{"drawMode":0,"name":"Shaded","section":"Shading Mode"},"sceneLighting":false,"audioPlay":false,"sceneViewState":{"showFog":true,"showMaterialUpdate":false,"showSkybox":true,"showFlares":true,"showImageEffects":true,"showParticleSystems":true},"in2DMode":false,"pivot":{"x":23.552392959594728,"y":0.7548220157623291,"z":-23.167591094970704},"rotation":{"x":-0.10789556056261063,"y":-0.7346690893173218,"z":0.12030310928821564,"w":-0.6588983535766602},"size":5.425403594970703,"orthographic":true}