{"cameraMode":{"drawMode":0,"name":"Shaded","section":"Shading Mode"},"sceneLighting":false,"audioPlay":false,"sceneViewState":{"showFog":true,"showMaterialUpdate":false,"showSkybox":true,"showFlares":true,"showImageEffects":true,"showParticleSystems":true},"in2DMode":false,"pivot":{"x":-12.07568359375,"y":19.132904052734376,"z":-33.4884033203125},"rotation":{"x":0.12803347408771516,"y":-0.7629871964454651,"z":0.15928249061107636,"w":0.6132594347000122},"size":1.2117645740509034,"orthographic":true}