{"cameraMode":{"drawMode":0,"name":"Shaded","section":"Shading Mode"},"sceneLighting":true,"audioPlay":false,"sceneViewState":{"showFog":true,"showMaterialUpdate":false,"showSkybox":true,"showFlares":true,"showImageEffects":true,"showParticleSystems":true},"in2DMode":false,"pivot":{"x":577.9130859375,"y":523.37109375,"z":-93.125},"rotation":{"x":-0.03330470621585846,"y":-0.0047697946429252628,"z":0.00016343971947208047,"w":-0.9994338750839233},"size":442.5688781738281,"orthographic":true}