{"cameraMode":{"drawMode":0,"name":"Shaded","section":"Shading Mode"},"sceneLighting":true,"audioPlay":false,"sceneViewState":{"showFog":true,"showMaterialUpdate":false,"showSkybox":true,"showFlares":true,"showImageEffects":true,"showParticleSystems":true},"in2DMode":false,"pivot":{"x":44.34832000732422,"y":1.9577746391296387,"z":83.15357971191406},"rotation":{"x":-0.07049688696861267,"y":0.08467332273721695,"z":-0.006002497859299183,"w":-0.9938936829566956},"size":12.61844539642334,"orthographic":true}