{"cameraMode":{"drawMode":0,"name":"Shaded","section":"Shading Mode"},"sceneLighting":false,"audioPlay":false,"sceneViewState":{"showFog":true,"showMaterialUpdate":false,"showSkybox":true,"showFlares":true,"showImageEffects":true,"showParticleSystems":true},"in2DMode":false,"pivot":{"x":-12.001792907714844,"y":19.139726638793947,"z":-33.39598846435547},"rotation":{"x":0.21084193885326386,"y":-0.6317542791366577,"z":0.1842685490846634,"w":0.7228259444236755},"size":1.3042032718658448,"orthographic":true}