{"cameraMode":{"drawMode":0,"name":"Shaded","section":"Shading Mode"},"sceneLighting":false,"audioPlay":false,"sceneViewState":{"showFog":true,"showMaterialUpdate":false,"showSkybox":true,"showFlares":true,"showImageEffects":true,"showParticleSystems":true},"in2DMode":false,"pivot":{"x":-4.114389419555664,"y":0.6300047039985657,"z":3.6189002990722658},"rotation":{"x":0.16423378884792329,"y":-0.6791244745254517,"z":0.15995140373706819,"w":0.6973039507865906},"size":1.138486385345459,"orthographic":false}