{"cameraMode":{"drawMode":0,"name":"Shaded","section":"Shading Mode"},"sceneLighting":true,"audioPlay":false,"sceneViewState":{"showFog":true,"showMaterialUpdate":false,"showSkybox":true,"showFlares":true,"showImageEffects":true,"showParticleSystems":true},"in2DMode":false,"pivot":{"x":23.552392959594728,"y":0.8148219585418701,"z":-23.167591094970704},"rotation":{"x":-0.024982286617159845,"y":-0.9358599781990051,"z":0.06779119372367859,"w":-0.3448859751224518},"size":2.847601890563965,"orthographic":true}