{"cameraMode":{"drawMode":0,"name":"Shaded","section":"Shading Mode"},"sceneLighting":true,"audioPlay":false,"sceneViewState":{"showFog":true,"showMaterialUpdate":false,"showSkybox":true,"showFlares":true,"showImageEffects":true,"showParticleSystems":true},"in2DMode":false,"pivot":{"x":-6.121178150177002,"y":2.164860963821411,"z":3.710698366165161},"rotation":{"x":-0.02522418089210987,"y":-0.9152514934539795,"z":0.05802309885621071,"w":-0.3978841006755829},"size":6.412106037139893,"orthographic":true}