{"cameraMode":{"drawMode":0,"name":"Shaded","section":"Shading Mode"},"sceneLighting":true,"audioPlay":false,"sceneViewState":{"showFog":true,"showMaterialUpdate":false,"showSkybox":true,"showFlares":true,"showImageEffects":true,"showParticleSystems":true},"in2DMode":false,"pivot":{"x":14.717586517333985,"y":-0.0500340536236763,"z":-18.08915138244629},"rotation":{"x":-0.014564568176865578,"y":-0.8624085783958435,"z":0.024853801354765893,"w":-0.5053926110267639},"size":7.296144962310791,"orthographic":true}