{"cameraMode":{"drawMode":0,"name":"Shaded","section":"Shading Mode"},"sceneLighting":false,"audioPlay":false,"sceneViewState":{"showFog":true,"showMaterialUpdate":false,"showSkybox":true,"showFlares":true,"showImageEffects":true,"showParticleSystems":true},"in2DMode":false,"pivot":{"x":-5.3530378341674809,"y":0.07214713096618653,"z":2.970040798187256},"rotation":{"x":0.06125611439347267,"y":-0.9238522052764893,"z":0.1669781655073166,"w":0.3389146625995636},"size":6.538487434387207,"orthographic":false}