{"cameraMode":{"drawMode":0,"name":"Shaded","section":"Shading Mode"},"sceneLighting":true,"audioPlay":false,"sceneViewState":{"showFog":true,"showMaterialUpdate":false,"showSkybox":true,"showFlares":true,"showImageEffects":true,"showParticleSystems":true},"in2DMode":false,"pivot":{"x":76.130859375,"y":500.92138671875,"z":76.3125},"rotation":{"x":0.007804908324033022,"y":-0.03867987170815468,"z":0.00030174324638210237,"w":0.99922114610672},"size":135.04696655273438,"orthographic":true}