{"cameraMode":{"drawMode":0,"name":"Shaded","section":"Shading Mode"},"sceneLighting":true,"audioPlay":false,"sceneViewState":{"showFog":true,"showMaterialUpdate":false,"showSkybox":true,"showFlares":true,"showImageEffects":true,"showParticleSystems":true},"in2DMode":false,"pivot":{"x":-2.098226547241211,"y":3.2746710777282717,"z":0.2520885467529297},"rotation":{"x":0.00178049027454108,"y":0.9974591732025147,"z":0.026937954127788545,"w":-0.06592802703380585},"size":10.0,"orthographic":false}