{"cameraMode":{"drawMode":0,"name":"Shaded","section":"Shading Mode"},"sceneLighting":false,"audioPlay":false,"sceneViewState":{"showFog":true,"showMaterialUpdate":false,"showSkybox":true,"showFlares":true,"showImageEffects":true,"showParticleSystems":true},"in2DMode":false,"pivot":{"x":-6.053215503692627,"y":7.964727401733398,"z":5.8954854011535648},"rotation":{"x":0.048988357186317447,"y":-0.9410465955734253,"z":0.15554741024971009,"w":0.29637229442596438},"size":16.275999069213868,"orthographic":false}