{"cameraMode":{"drawMode":0,"name":"Shaded","section":"Shading Mode"},"sceneLighting":false,"audioPlay":false,"sceneViewState":{"showFog":true,"showMaterialUpdate":false,"showSkybox":true,"showFlares":true,"showImageEffects":true,"showParticleSystems":true},"in2DMode":false,"pivot":{"x":-4.126131057739258,"y":0.7300000190734863,"z":3.853306293487549},"rotation":{"x":0.14387139678001405,"y":-0.6037689447402954,"z":0.11193358898162842,"w":0.7760379910469055},"size":1.138486385345459,"orthographic":false}